{"cameraMode":{"drawMode":0,"name":"Shaded","section":"Shading Mode"},"sceneLighting":true,"audioPlay":false,"sceneViewState":{"showFog":true,"showMaterialUpdate":false,"showSkybox":true,"showFlares":true,"showImageEffects":true,"showParticleSystems":true},"in2DMode":false,"pivot":{"x":22.517738342285158,"y":-3.6145143508911135,"z":19.20657730102539},"rotation":{"x":-0.030875515192747117,"y":0.9670935869216919,"z":-0.1431877166032791,"w":-0.20824238657951356},"size":1355.5242919921875,"orthographic":false}